country,year,month,gasoline_price_usd_per_liter,slow_chargers_cumulative,fast_chargers_cumulative,total_chargers_cumulative,total_units_sold,trend_tesla,trend_electric_vehicle,EV charging,trend_electric_car,trend_byd
China,2018,12,,,,,,32.0,,,0.0,0.0
China,2019,1,0.89,516000,59000,575000,,33.25,,,0.0,2.25
China,2019,2,0.89,516000,59000,575000,,43.5,,,0.0,0.0
China,2019,3,0.89,516000,59000,575000,,51.2,,,0.0,2.4
China,2019,4,0.93,516000,59000,575000,,45.75,,,0.0,2.25
China,2019,5,0.93,516000,59000,575000,,46.0,,,0.0,0.0
China,2019,6,0.93,516000,59000,575000,,38.2,,,0.0,0.0
China,2019,7,0.95,516000,59000,575000,,34.5,,,0.0,0.0
China,2019,8,0.95,516000,59000,575000,,31.75,,,0.0,0.0
China,2019,9,0.95,516000,59000,575000,,33.6,,,0.0,2.4
China,2019,10,0.9,516000,59000,575000,,40.0,,,0.0,0.0
China,2019,11,0.9,516000,59000,575000,,63.25,,,0.0,0.0
China,2019,12,0.9,516000,59000,575000,,50.0,,,0.0,0.0
China,2020,1,0.78,673000,111000,784000,24840,67.25,,,0.0,2.75
China,2020,2,0.78,673000,111000,784000,24840,68.0,,,0.0,0.0
China,2020,3,0.78,673000,111000,784000,24840,54.4,,,0.0,0.0
China,2020,4,0.8,673000,111000,784000,29880,58.25,,,0.0,0.0
China,2020,5,0.8,673000,111000,784000,29880,45.2,,,0.0,0.0
China,2020,6,0.8,673000,111000,784000,29880,47.25,,,0.0,0.0
China,2020,7,0.86,673000,111000,784000,38630,54.0,,,0.0,0.0
China,2020,8,0.86,673000,111000,784000,38630,61.0,,,0.0,0.0
China,2020,9,0.86,673000,111000,784000,38630,78.5,,,0.0,0.0
China,2020,10,0.88,673000,111000,784000,63013,58.75,,,0.0,0.0
China,2020,11,0.88,673000,111000,784000,63013,64.6,,,0.0,0.0
China,2020,12,0.88,673000,111000,784000,63013,71.4,0.0,0.0,0.0,0.0
China,2021,1,0.95,1150000,261000,1411000,83755,79.0,0.0,0.0,0.0,6.4
China,2021,2,0.95,1150000,261000,1411000,83755,82.25,0.0,0.0,0.0,3.25
China,2021,3,0.95,1150000,261000,1411000,83755,63.75,25.0,0.0,3.25,2.5
China,2021,4,1.02,1150000,261000,1411000,111249,57.0,0.0,0.0,0.0,7.25
China,2021,5,1.02,1150000,261000,1411000,111249,51.0,0.0,0.0,0.0,1.4
China,2021,6,1.02,1150000,261000,1411000,111249,40.75,0.0,0.0,0.0,1.5
China,2021,7,1.08,1150000,261000,1411000,139196,41.0,0.0,0.0,0.0,1.75
China,2021,8,1.08,1150000,261000,1411000,139196,46.2,0.0,0.0,1.0,6.2
China,2021,9,1.08,1150000,261000,1411000,139196,43.25,0.0,0.0,1.5,3.0
China,2021,10,1.12,1150000,261000,1411000,260893,50.0,0.0,0.0,1.2,3.2
China,2021,11,1.12,1150000,261000,1411000,260893,55.25,0.0,0.0,1.5,5.25
China,2021,12,1.12,1150000,261000,1411000,260893,50.6,0.0,0.0,0.0,8.2
China,2022,1,1.15,1750000,521000,2271000,249129,79.0,0.0,0.0,0.0,8.0
China,2022,2,1.15,1750000,521000,2271000,249129,72.0,0.0,0.0,0.0,13.75
China,2022,3,1.15,1750000,521000,2271000,249129,73.75,0.0,0.0,7.25,10.5
China,2022,4,1.25,1750000,521000,2271000,318686,76.0,25.0,0.0,4.0,10.75
China,2022,5,1.25,1750000,521000,2271000,318686,80.4,13.0,0.0,0.0,10.4
China,2022,6,1.25,1750000,521000,2271000,318686,75.5,16.75,0.0,0.0,15.25
China,2022,7,1.28,1750000,521000,2271000,467997,66.6,0.0,13.0,3.0,14.2
China,2022,8,1.28,1750000,521000,2271000,467997,65.5,0.0,0.0,0.0,14.0
China,2022,9,1.28,1750000,521000,2271000,467997,72.75,0.0,0.0,0.0,13.25
China,2022,10,1.18,1750000,521000,2271000,717244,81.0,0.0,0.0,3.6,15.6
China,2022,11,1.18,1750000,521000,2271000,717244,66.0,0.0,0.0,1.75,15.0
China,2022,12,1.18,1750000,521000,2271000,717244,68.5,0.0,0.0,0.0,13.25
China,2023,1,1.1,2750000,859000,3609000,411701,81.6,0.0,0.0,0.0,20.6
China,2023,2,1.1,2750000,859000,3609000,411701,78.0,15.5,0.0,0.0,15.5
China,2023,3,1.1,2750000,859000,3609000,411701,62.25,0.0,0.0,1.5,17.5
China,2023,4,1.08,2750000,859000,3609000,546893,66.6,12.2,0.0,2.6,24.2
China,2023,5,1.08,2750000,859000,3609000,546893,64.75,16.0,0.0,1.5,21.75
China,2023,6,1.08,2750000,859000,3609000,546893,66.5,0.0,0.0,3.5,20.0
China,2023,7,1.12,2750000,859000,3609000,629928,67.4,0.0,0.0,3.0,19.8
China,2023,8,1.12,2750000,859000,3609000,629928,70.0,0.0,0.0,1.5,20.25
China,2023,9,1.12,2750000,859000,3609000,629928,58.75,0.0,0.0,1.5,20.0
China,2023,10,1.05,2750000,859000,3609000,706650,59.0,21.4,0.0,2.6,20.6
China,2023,11,1.05,2750000,859000,3609000,706650,60.25,31.5,0.0,6.0,21.5
China,2023,12,1.05,2750000,859000,3609000,706650,58.33,25.5,0.0,3.83,18.67
China,2024,1,,,,,,48.0,0.0,0.0,2.75,17.5
China,2024,2,,,,,,44.75,0.0,17.5,1.0,18.5
China,2024,3,,,,,,46.4,26.6,0.0,2.0,20.8
China,2024,4,,,,,,55.5,0.0,12.75,4.75,21.75
China,2024,5,,,,,,41.75,29.5,0.0,3.25,23.25
China,2024,6,,,,,,45.4,34.2,0.0,2.6,21.6
China,2024,7,,,,,,45.0,36.75,0.0,1.25,20.25
China,2024,8,,,,,,42.5,0.0,0.0,1.25,19.25
China,2024,9,,,,,,40.2,0.0,0.0,2.4,23.6
China,2024,10,,,,,,66.0,32.25,14.0,0.0,26.25
China,2024,11,,,,,,62.75,0.0,0.0,2.25,21.5
China,2024,12,,,,,,55.0,30.2,0.0,1.0,25.8
France,2018,12,,,,,,35.0,0.0,0.0,1.0,0.0
France,2019,1,1.51,28000,2800,30800,5134,29.75,15.5,0.0,0.75,0.0
France,2019,2,1.51,28000,2800,30800,5134,33.75,24.0,0.0,0.5,0.0
France,2019,3,1.51,28000,2800,30800,5134,38.0,20.0,0.0,0.4,0.0
France,2019,4,1.58,28000,2800,30800,5134,42.0,19.0,0.0,1.0,0.0
France,2019,5,1.58,28000,2800,30800,5134,39.5,21.5,0.0,1.0,0.0
France,2019,6,1.58,28000,2800,30800,5134,39.0,29.0,14.6,1.0,0.0
France,2019,7,1.55,28000,2800,30800,5134,42.5,17.5,0.0,1.0,0.0
France,2019,8,1.55,28000,2800,30800,5134,40.25,71.75,0.0,1.0,0.0
France,2019,9,1.55,28000,2800,30800,5134,44.0,27.2,0.0,1.0,0.0
France,2019,10,1.48,28000,2800,30800,5134,45.0,14.5,0.0,1.0,0.0
France,2019,11,1.48,28000,2800,30800,5134,66.25,56.25,0.0,1.0,0.0
France,2019,12,1.48,28000,2800,30800,5134,60.0,21.83,0.0,1.0,0.0
France,2020,1,1.38,40000,4200,44200,15472,65.0,43.75,0.0,1.0,0.0
France,2020,2,1.38,40000,4200,44200,15472,65.5,52.75,0.0,1.0,0.0
France,2020,3,1.38,40000,4200,44200,15472,45.0,33.0,0.0,0.4,0.0
France,2020,4,1.25,40000,4200,44200,15472,37.5,21.0,0.0,0.25,0.0
France,2020,5,1.25,40000,4200,44200,15472,49.2,48.4,0.0,0.8,0.6
France,2020,6,1.25,40000,4200,44200,15472,63.75,17.75,12.5,1.0,0.75
France,2020,7,1.32,40000,4200,44200,15472,79.0,0.0,0.0,1.0,0.75
France,2020,8,1.32,40000,4200,44200,15472,84.6,18.0,0.0,1.0,0.8
France,2020,9,1.32,40000,4200,44200,15472,81.75,14.0,0.0,1.0,1.0
France,2020,10,1.35,40000,4200,44200,15472,66.0,14.5,0.0,0.75,0.5
France,2020,11,1.35,40000,4200,44200,15472,48.6,64.6,0.0,0.8,0.8
France,2020,12,1.35,40000,4200,44200,15472,52.4,25.8,0.0,0.6,0.4
France,2021,1,1.42,58000,6800,64800,24758,56.4,16.4,0.0,0.2,0.0
France,2021,2,1.42,58000,6800,64800,24758,53.75,12.5,0.0,0.5,0.0
France,2021,3,1.42,58000,6800,64800,24758,50.5,26.25,0.0,0.0,0.0
France,2021,4,1.52,58000,6800,64800,24758,49.5,0.0,11.0,0.0,0.0
France,2021,5,1.52,58000,6800,64800,24758,45.8,17.2,0.0,0.4,0.0
France,2021,6,1.52,58000,6800,64800,24758,42.75,14.75,0.0,0.25,0.0
France,2021,7,1.6,58000,6800,64800,24758,50.0,11.75,0.0,0.25,0.0
France,2021,8,1.6,58000,6800,64800,24758,56.4,9.6,0.0,0.4,0.0
France,2021,9,1.6,58000,6800,64800,24758,50.75,35.25,13.0,0.75,0.0
France,2021,10,1.72,58000,6800,64800,24758,69.8,23.8,9.0,1.0,0.0
France,2021,11,1.72,58000,6800,64800,24758,59.75,39.75,0.0,0.5,0.0
France,2021,12,1.72,58000,6800,64800,24758,71.8,0.0,10.2,0.2,0.0
France,2022,1,1.88,80000,10000,90000,30924,80.8,26.4,27.6,1.0,0.4
France,2022,2,1.88,80000,10000,90000,30924,76.0,49.5,31.25,1.0,0.0
France,2022,3,1.88,80000,10000,90000,30924,89.0,78.5,39.25,1.0,0.25
France,2022,4,2.15,80000,10000,90000,30924,77.0,74.25,38.0,1.0,0.25
France,2022,5,2.15,80000,10000,90000,30924,67.0,67.4,28.8,1.0,0.4
France,2022,6,2.15,80000,10000,90000,30924,66.75,51.25,32.5,1.0,0.5
France,2022,7,2.0,80000,10000,90000,30924,64.4,27.8,35.6,1.0,1.0
France,2022,8,2.0,80000,10000,90000,30924,66.25,31.0,65.75,1.0,1.25
France,2022,9,2.0,80000,10000,90000,30924,58.0,35.5,18.25,1.0,1.0
France,2022,10,1.85,80000,10000,90000,30924,64.0,41.6,35.4,1.0,2.4
France,2022,11,1.85,80000,10000,90000,30924,58.0,59.25,42.5,1.0,1.0
France,2022,12,1.85,80000,10000,90000,30924,64.5,12.0,54.25,1.0,1.0
France,2023,1,1.78,115000,14000,129000,39704,73.4,32.4,29.4,0.8,1.4
France,2023,2,1.78,115000,14000,129000,39704,67.25,39.75,35.0,1.0,1.5
France,2023,3,1.78,115000,14000,129000,39704,69.25,33.0,36.25,1.0,1.25
France,2023,4,1.82,115000,14000,129000,39704,75.2,62.4,39.4,1.0,2.2
France,2023,5,1.82,115000,14000,129000,39704,74.25,48.5,64.5,1.0,3.25
France,2023,6,1.82,115000,14000,129000,39704,79.0,61.5,65.0,1.0,3.0
France,2023,7,1.85,115000,14000,129000,39704,79.0,57.4,58.2,1.0,2.0
France,2023,8,1.85,115000,14000,129000,39704,84.75,39.25,80.25,1.0,2.75
France,2023,9,1.85,115000,14000,129000,39704,82.25,55.25,44.0,1.0,5.0
France,2023,10,1.72,115000,14000,129000,39704,78.8,62.2,65.0,1.0,4.0
France,2023,11,1.72,115000,14000,129000,39704,76.0,70.5,51.75,1.0,4.5
France,2023,12,1.72,115000,14000,129000,39704,83.5,43.33,45.5,1.0,7.67
France,2024,1,,,,,,69.5,65.25,34.75,1.0,6.5
France,2024,2,,,,,,64.5,82.25,45.0,1.0,10.75
France,2024,3,,,,,,63.2,60.2,72.0,1.0,8.6
France,2024,4,,,,,,70.75,59.25,58.5,1.0,6.25
France,2024,5,,,,,,57.5,50.0,32.75,1.0,6.75
France,2024,6,,,,,,55.4,58.8,62.0,1.0,9.4
France,2024,7,,,,,,59.25,43.5,65.0,1.0,6.75
France,2024,8,,,,,,66.25,60.0,77.75,1.0,7.0
France,2024,9,,,,,,61.0,56.4,47.8,1.0,11.8
France,2024,10,,,,,,83.25,68.5,25.0,1.0,20.75
France,2024,11,,,,,,84.75,60.5,53.25,1.0,15.0
France,2024,12,,,,,,84.6,38.8,40.0,1.0,13.2
Germany,2018,12,,,,,,27.0,0.0,0.0,0.0,3.0
Germany,2019,1,1.43,24000,4200,28200,,28.25,61.5,8.0,0.0,4.0
Germany,2019,2,1.43,24000,4200,28200,,29.25,68.75,0.0,0.25,4.25
Germany,2019,3,1.43,24000,4200,28200,,34.4,64.2,0.0,0.2,3.8
Germany,2019,4,1.5,24000,4200,28200,,32.5,69.75,8.75,0.25,4.25
Germany,2019,5,1.5,24000,4200,28200,,35.75,70.0,0.0,0.0,3.25
Germany,2019,6,1.5,24000,4200,28200,,32.4,68.6,6.2,0.0,3.0
Germany,2019,7,1.46,24000,4200,28200,,33.5,65.5,0.0,0.0,3.0
Germany,2019,8,1.46,24000,4200,28200,,28.5,54.25,0.0,0.0,3.0
Germany,2019,9,1.46,24000,4200,28200,,30.6,65.2,0.0,0.8,3.2
Germany,2019,10,1.4,24000,4200,28200,,31.25,58.75,9.75,0.75,3.0
Germany,2019,11,1.4,24000,4200,28200,,75.0,61.5,0.0,0.25,3.0
Germany,2019,12,1.4,24000,4200,28200,,41.83,57.33,0.0,0.33,2.5
Germany,2020,1,1.31,35000,5800,40800,,41.75,86.0,0.0,0.0,4.25
Germany,2020,2,1.31,35000,5800,40800,,57.0,75.0,0.0,0.0,3.25
Germany,2020,3,1.31,35000,5800,40800,,34.8,64.4,10.4,0.0,2.2
Germany,2020,4,1.22,35000,5800,40800,,33.0,47.5,0.0,0.0,2.0
Germany,2020,5,1.22,35000,5800,40800,,33.8,49.6,0.0,0.0,2.2
Germany,2020,6,1.22,35000,5800,40800,,40.75,59.25,24.0,0.0,3.25
Germany,2020,7,1.28,35000,5800,40800,,56.75,58.5,0.0,0.0,6.25
Germany,2020,8,1.28,35000,5800,40800,,59.2,53.6,13.4,0.0,4.4
Germany,2020,9,1.28,35000,5800,40800,,74.75,53.0,7.25,0.0,7.75
Germany,2020,10,1.3,35000,5800,40800,,44.25,60.0,10.25,0.0,11.5
Germany,2020,11,1.3,35000,5800,40800,,49.0,71.8,12.6,0.0,15.8
Germany,2020,12,1.3,35000,5800,40800,,48.0,60.4,8.4,0.0,11.4
Germany,2021,1,1.38,52000,8400,60400,9633,74.4,76.2,31.8,0.2,20.4
Germany,2021,2,1.38,52000,8400,60400,9633,64.0,64.5,18.75,0.25,17.75
Germany,2021,3,1.38,52000,8400,60400,9633,63.75,78.5,8.75,0.0,16.75
Germany,2021,4,1.5,52000,8400,60400,14033,51.75,71.0,14.75,0.0,13.75
Germany,2021,5,1.5,52000,8400,60400,14033,49.6,53.8,13.8,0.0,14.4
Germany,2021,6,1.5,52000,8400,60400,14033,42.5,67.25,17.75,0.0,15.5
Germany,2021,7,1.58,52000,8400,60400,19600,43.75,47.75,29.0,0.25,13.5
Germany,2021,8,1.58,52000,8400,60400,19600,48.6,56.4,16.6,0.0,15.0
Germany,2021,9,1.58,52000,8400,60400,19600,45.5,59.25,18.5,0.25,11.5
Germany,2021,10,1.7,52000,8400,60400,24733,73.6,68.8,36.2,0.0,14.0
Germany,2021,11,1.7,52000,8400,60400,24733,67.75,82.5,36.25,0.0,12.5
Germany,2021,12,1.7,52000,8400,60400,24733,61.8,37.8,15.2,0.0,9.2
Germany,2022,1,1.85,72000,13000,85000,24133,74.2,69.4,32.4,1.0,10.8
Germany,2022,2,1.85,72000,13000,85000,24133,64.5,77.5,40.25,1.0,11.25
Germany,2022,3,1.85,72000,13000,85000,24133,82.0,76.75,37.0,1.0,12.75
Germany,2022,4,2.1,72000,13000,85000,29400,77.0,60.0,42.75,1.0,10.25
Germany,2022,5,2.1,72000,13000,85000,29400,63.6,59.0,39.2,1.0,11.2
Germany,2022,6,2.1,72000,13000,85000,29400,57.5,70.5,39.75,1.0,12.75
Germany,2022,7,1.95,72000,13000,85000,30333,58.4,52.8,47.6,1.0,15.2
Germany,2022,8,1.95,72000,13000,85000,30333,58.5,63.5,48.25,1.0,13.0
Germany,2022,9,1.95,72000,13000,85000,30333,53.0,50.25,24.75,1.0,11.5
Germany,2022,10,1.82,72000,13000,85000,34766,54.6,53.4,39.2,1.0,13.8
Germany,2022,11,1.82,72000,13000,85000,34766,55.5,59.25,39.5,0.75,10.75
Germany,2022,12,1.82,72000,13000,85000,34766,71.25,54.0,37.5,1.0,10.0
Germany,2023,1,1.75,95000,18000,113000,,91.8,15.0,13.0,1.0,13.6
Germany,2023,2,1.75,95000,18000,113000,,76.75,17.5,13.75,1.0,13.5
Germany,2023,3,1.75,95000,18000,113000,,68.75,15.0,13.5,1.0,13.0
Germany,2023,4,1.8,95000,18000,113000,,66.6,16.2,12.4,1.0,15.0
Germany,2023,5,1.8,95000,18000,113000,,62.0,17.25,13.5,1.0,15.5
Germany,2023,6,1.8,95000,18000,113000,,69.0,17.75,16.0,1.0,15.0
Germany,2023,7,1.82,95000,18000,113000,,68.4,19.6,16.2,1.0,15.6
Germany,2023,8,1.82,95000,18000,113000,,65.0,13.75,14.25,1.0,15.5
Germany,2023,9,1.82,95000,18000,113000,,65.5,16.75,42.25,1.0,19.0
Germany,2023,10,1.7,95000,18000,113000,,59.6,16.8,19.0,1.0,15.0
Germany,2023,11,1.7,95000,18000,113000,,56.75,20.0,15.75,1.0,14.0
Germany,2023,12,1.7,95000,18000,113000,,55.0,23.17,16.5,1.0,16.83
Germany,2024,1,,,,,,68.25,57.0,49.25,1.0,20.25
Germany,2024,2,,,,,,62.25,47.5,55.0,1.0,27.25
Germany,2024,3,,,,,,66.0,61.2,56.4,1.0,20.4
Germany,2024,4,,,,,,73.25,71.5,54.5,1.0,18.0
Germany,2024,5,,,,,,57.0,66.5,61.5,1.0,16.5
Germany,2024,6,,,,,,56.2,65.8,54.4,1.0,27.4
Germany,2024,7,,,,,,62.5,63.75,48.5,1.0,16.25
Germany,2024,8,,,,,,52.5,71.5,51.75,1.0,14.0
Germany,2024,9,,,,,,53.8,66.6,63.4,1.0,17.6
Germany,2024,10,,,,,,69.5,62.75,53.5,1.0,21.25
Germany,2024,11,,,,,,82.75,71.5,53.0,1.0,17.75
Germany,2024,12,,,,,,76.0,66.0,44.6,1.0,17.4
India,2018,12,,,,,,27.0,19.0,3.0,9.0,1.0
India,2019,1,0.88,,,,316,28.75,23.5,3.25,10.5,1.0
India,2019,2,0.88,,,,316,26.25,23.75,3.5,10.25,1.0
India,2019,3,0.88,,,,316,28.2,24.2,4.0,10.2,1.0
India,2019,4,0.9,,,,316,24.5,21.75,2.75,8.5,1.0
India,2019,5,0.9,,,,316,29.75,21.5,3.5,9.25,1.0
India,2019,6,0.9,,,,316,25.2,31.0,5.0,15.4,1.0
India,2019,7,0.89,,,,316,33.25,48.75,9.75,35.25,1.0
India,2019,8,0.89,,,,316,31.5,40.5,7.75,20.25,1.0
India,2019,9,0.89,,,,316,31.2,41.8,6.2,17.4,1.2
India,2019,10,0.88,,,,316,28.75,53.25,6.25,16.25,1.0
India,2019,11,0.88,,,,316,57.0,38.25,6.25,17.0,1.0
India,2019,12,0.88,,,,316,35.17,48.0,10.5,18.83,1.0
India,2020,1,0.82,,,,416,24.0,84.75,21.75,14.5,1.0
India,2020,2,0.82,,,,416,29.0,84.25,22.25,15.5,0.75
India,2020,3,0.82,,,,416,21.4,59.8,10.4,8.4,0.6
India,2020,4,0.8,,,,416,22.25,49.75,8.25,6.25,1.0
India,2020,5,0.8,,,,416,25.0,57.8,8.4,7.0,0.4
India,2020,6,0.8,,,,416,27.5,57.5,13.75,9.0,0.5
India,2020,7,0.85,,,,416,39.0,55.5,16.25,11.25,0.0
India,2020,8,0.85,,,,416,36.2,73.0,16.4,11.4,0.4
India,2020,9,0.85,,,,416,39.0,68.5,18.5,11.0,0.0
India,2020,10,0.87,,,,416,29.25,73.5,17.0,11.5,0.0
India,2020,11,0.87,,,,416,33.8,76.0,23.0,12.4,0.4
India,2020,12,0.87,,,,416,54.8,76.2,23.4,13.6,0.8
India,2021,1,0.9,1800,580,2380,1099,55.4,49.2,18.4,8.6,0.0
India,2021,2,0.9,1800,580,2380,1099,25.0,66.0,23.5,10.0,0.0
India,2021,3,0.9,1800,580,2380,1099,21.75,58.25,17.5,8.25,0.0
India,2021,4,0.98,1800,580,2380,1099,17.5,41.75,12.75,5.5,0.0
India,2021,5,0.98,1800,580,2380,1099,19.0,44.4,12.0,5.4,0.0
India,2021,6,0.98,1800,580,2380,1099,15.5,64.25,17.0,7.25,0.0
India,2021,7,1.05,1800,580,2380,1099,18.25,78.25,30.5,9.5,0.0
India,2021,8,1.05,1800,580,2380,1099,16.0,70.8,27.0,8.0,0.0
India,2021,9,1.05,1800,580,2380,1099,14.25,66.5,27.5,7.5,0.0
India,2021,10,1.1,1800,580,2380,1099,17.2,66.6,29.2,8.2,0.2
India,2021,11,1.1,1800,580,2380,1099,22.5,67.5,27.5,8.5,0.5
India,2021,12,1.1,1800,580,2380,1099,27.4,64.2,22.0,10.2,1.2
India,2022,1,1.12,6100,1200,7300,4014,82.2,82.6,33.0,26.6,2.2
India,2022,2,1.12,6100,1200,7300,4014,69.0,90.0,32.75,29.5,2.0
India,2022,3,1.12,6100,1200,7300,4014,56.5,92.25,33.0,29.0,3.0
India,2022,4,1.18,6100,1200,7300,4014,68.0,83.75,34.75,34.0,3.75
India,2022,5,1.18,6100,1200,7300,4014,67.0,68.2,30.6,29.2,3.4
India,2022,6,1.18,6100,1200,7300,4014,54.0,60.75,25.5,23.75,4.5
India,2022,7,1.15,6100,1200,7300,4014,53.4,64.6,23.0,22.6,4.4
India,2022,8,1.15,6100,1200,7300,4014,50.5,63.0,24.75,29.0,5.75
India,2022,9,1.15,6100,1200,7300,4014,56.5,68.75,27.5,24.0,5.5
India,2022,10,1.12,6100,1200,7300,4014,47.4,71.0,30.0,26.8,12.2
India,2022,11,1.12,6100,1200,7300,4014,49.0,68.5,27.25,25.5,11.0
India,2022,12,1.12,6100,1200,7300,4014,54.75,64.5,26.25,26.5,10.5
India,2023,1,1.08,12000,2100,14100,7536,74.8,86.8,34.2,32.4,11.0
India,2023,2,1.08,12000,2100,14100,7536,67.75,91.25,36.0,29.75,11.0
India,2023,3,1.08,12000,2100,14100,7536,51.5,85.5,36.0,27.25,10.5
India,2023,4,1.06,12000,2100,14100,7536,45.4,78.0,41.0,34.6,10.8
India,2023,5,1.06,12000,2100,14100,7536,45.75,78.0,39.75,36.5,10.25
India,2023,6,1.06,12000,2100,14100,7536,60.25,80.5,39.0,32.5,11.0
India,2023,7,1.05,12000,2100,14100,7536,67.8,82.6,39.2,30.4,12.0
India,2023,8,1.05,12000,2100,14100,7536,61.0,81.5,40.75,31.5,9.5
India,2023,9,1.05,12000,2100,14100,7536,51.25,83.25,43.75,30.75,9.75
India,2023,10,1.03,12000,2100,14100,7536,51.4,73.8,37.2,28.2,8.6
India,2023,11,1.03,12000,2100,14100,7536,44.75,82.25,39.75,28.75,8.5
India,2023,12,1.03,12000,2100,14100,7536,47.17,91.83,43.33,30.5,10.67
India,2024,1,,,,,,38.0,86.5,44.0,23.5,9.25
India,2024,2,,,,,,34.5,81.75,43.5,22.5,11.0
India,2024,3,,,,,,33.6,72.6,44.4,19.4,14.8
India,2024,4,,,,,,45.0,64.5,43.25,18.75,12.75
India,2024,5,,,,,,30.5,59.5,41.5,18.5,13.5
India,2024,6,,,,,,33.6,60.0,36.8,17.2,13.8
India,2024,7,,,,,,39.75,69.25,38.0,19.75,17.75
India,2024,8,,,,,,37.5,65.75,41.5,17.75,17.25
India,2024,9,,,,,,31.6,68.8,44.8,18.2,17.6
India,2024,10,,,,,,43.25,62.75,46.25,18.0,21.5
India,2024,11,,,,,,67.25,71.25,51.25,21.25,23.25
India,2024,12,,,,,,45.6,64.0,50.0,20.4,17.8
Netherlands,2018,12,,,,,,36.0,0.0,0.0,1.0,0.0
Netherlands,2019,1,1.68,55000,3800,58800,7266,33.0,0.0,0.0,1.0,0.0
Netherlands,2019,2,1.68,55000,3800,58800,7266,33.25,23.0,0.0,1.0,0.0
Netherlands,2019,3,1.68,55000,3800,58800,7266,40.6,0.0,0.0,1.0,0.0
Netherlands,2019,4,1.75,55000,3800,58800,7266,39.75,37.75,0.0,1.0,0.0
Netherlands,2019,5,1.75,55000,3800,58800,7266,39.5,18.0,0.0,1.0,0.0
Netherlands,2019,6,1.75,55000,3800,58800,7266,38.2,20.0,0.0,1.0,0.0
Netherlands,2019,7,1.72,55000,3800,58800,7266,40.5,0.0,0.0,1.0,0.0
Netherlands,2019,8,1.72,55000,3800,58800,7266,40.25,0.0,0.0,1.0,0.0
Netherlands,2019,9,1.72,55000,3800,58800,7266,47.2,0.0,14.8,1.0,0.0
Netherlands,2019,10,1.65,55000,3800,58800,7266,45.25,0.0,0.0,1.0,0.0
Netherlands,2019,11,1.65,55000,3800,58800,7266,71.75,19.75,0.0,1.0,0.0
Netherlands,2019,12,1.65,55000,3800,58800,7266,62.5,0.0,11.5,1.5,0.17
Netherlands,2020,1,1.55,71000,5200,76200,6105,66.25,34.75,52.75,1.75,0.25
Netherlands,2020,2,1.55,71000,5200,76200,6105,72.25,16.75,16.0,1.25,0.0
Netherlands,2020,3,1.55,71000,5200,76200,6105,43.8,13.2,0.0,1.2,0.4
Netherlands,2020,4,1.42,71000,5200,76200,6105,38.25,0.0,15.75,0.75,0.0
Netherlands,2020,5,1.42,71000,5200,76200,6105,41.6,0.0,11.4,1.0,0.4
Netherlands,2020,6,1.42,71000,5200,76200,6105,45.5,37.25,14.75,1.25,0.0
Netherlands,2020,7,1.5,71000,5200,76200,6105,64.25,25.0,17.0,1.0,0.25
Netherlands,2020,8,1.5,71000,5200,76200,6105,62.2,14.0,12.0,1.0,0.0
Netherlands,2020,9,1.5,71000,5200,76200,6105,72.5,24.0,51.75,1.25,1.0
Netherlands,2020,10,1.52,71000,5200,76200,6105,50.0,0.0,0.0,1.0,0.5
Netherlands,2020,11,1.52,71000,5200,76200,6105,49.0,14.2,15.8,1.0,1.2
Netherlands,2020,12,1.52,71000,5200,76200,6105,59.6,0.0,0.0,1.4,1.0
Netherlands,2021,1,1.58,95000,7400,102400,9928,86.2,18.2,30.0,2.0,1.2
Netherlands,2021,2,1.58,95000,7400,102400,9928,83.25,42.0,29.75,2.0,1.5
Netherlands,2021,3,1.58,95000,7400,102400,9928,75.25,28.0,12.75,2.0,1.0
Netherlands,2021,4,1.68,95000,7400,102400,9928,68.25,29.5,0.0,2.0,1.0
Netherlands,2021,5,1.68,95000,7400,102400,9928,69.2,10.0,9.4,2.0,1.0
Netherlands,2021,6,1.68,95000,7400,102400,9928,59.75,0.0,17.25,2.0,1.0
Netherlands,2021,7,1.78,95000,7400,102400,9928,62.75,0.0,55.75,2.0,1.0
Netherlands,2021,8,1.78,95000,7400,102400,9928,62.4,11.4,0.0,1.8,1.0
Netherlands,2021,9,1.78,95000,7400,102400,9928,60.75,28.5,14.5,2.25,1.0
Netherlands,2021,10,1.92,95000,7400,102400,9928,71.8,26.0,38.2,2.2,1.0
Netherlands,2021,11,1.92,95000,7400,102400,9928,70.0,13.75,27.5,2.0,1.0
Netherlands,2021,12,1.92,95000,7400,102400,9928,69.2,0.0,34.2,2.0,1.0
Netherlands,2022,1,2.1,120000,10200,130200,5928,75.8,13.8,38.6,2.8,1.2
Netherlands,2022,2,2.1,120000,10200,130200,5928,64.75,35.75,41.5,3.0,1.0
Netherlands,2022,3,2.1,120000,10200,130200,5928,67.5,32.0,42.75,3.5,1.0
Netherlands,2022,4,2.38,120000,10200,130200,5928,69.75,22.0,46.25,3.0,1.0
Netherlands,2022,5,2.38,120000,10200,130200,5928,68.0,27.6,43.8,2.8,1.0
Netherlands,2022,6,2.38,120000,10200,130200,5928,67.0,26.75,41.5,3.0,1.0
Netherlands,2022,7,2.25,120000,10200,130200,5928,65.0,15.4,49.2,3.0,2.6
Netherlands,2022,8,2.25,120000,10200,130200,5928,68.5,16.0,50.0,3.0,2.75
Netherlands,2022,9,2.25,120000,10200,130200,5928,60.5,7.75,47.25,2.5,2.25
Netherlands,2022,10,2.08,120000,10200,130200,5928,64.4,28.0,45.8,2.8,3.4
Netherlands,2022,11,2.08,120000,10200,130200,5928,63.5,19.0,45.25,2.5,3.0
Netherlands,2022,12,2.08,120000,10200,130200,5928,81.75,25.0,44.5,2.25,3.75
Netherlands,2023,1,1.98,150000,13800,163800,8824,97.0,15.2,61.2,3.0,16.4
Netherlands,2023,2,1.98,150000,13800,163800,8824,85.0,0.0,60.75,3.0,16.5
Netherlands,2023,3,1.98,150000,13800,163800,8824,74.5,29.0,58.25,2.5,4.25
Netherlands,2023,4,2.02,150000,13800,163800,8824,79.4,35.6,65.8,2.8,7.8
Netherlands,2023,5,2.02,150000,13800,163800,8824,73.75,0.0,69.5,2.75,6.75
Netherlands,2023,6,2.02,150000,13800,163800,8824,75.5,19.0,58.0,2.75,9.5
Netherlands,2023,7,2.05,150000,13800,163800,8824,84.4,19.6,68.0,3.0,5.8
Netherlands,2023,8,2.05,150000,13800,163800,8824,81.25,12.25,69.0,3.0,6.5
Netherlands,2023,9,2.05,150000,13800,163800,8824,83.25,9.5,72.5,3.25,12.75
Netherlands,2023,10,1.92,150000,13800,163800,8824,79.8,53.4,76.4,3.0,11.6
Netherlands,2023,11,1.92,150000,13800,163800,8824,80.0,27.0,52.25,3.0,6.25
Netherlands,2023,12,1.92,150000,13800,163800,8824,82.0,8.0,57.5,3.17,12.83
Netherlands,2024,1,,,,,,72.0,6.75,54.5,2.75,10.5
Netherlands,2024,2,,,,,,69.0,17.25,59.0,2.75,12.25
Netherlands,2024,3,,,,,,72.8,19.6,57.6,2.8,10.6
Netherlands,2024,4,,,,,,80.0,16.0,62.0,2.5,14.0
Netherlands,2024,5,,,,,,64.75,18.5,52.5,2.25,12.25
Netherlands,2024,6,,,,,,67.6,20.2,42.0,2.2,17.0
Netherlands,2024,7,,,,,,71.0,9.5,60.5,2.5,9.75
Netherlands,2024,8,,,,,,66.5,18.0,63.75,2.25,8.25
Netherlands,2024,9,,,,,,65.2,14.0,53.4,2.6,10.6
Netherlands,2024,10,,,,,,76.25,25.0,41.75,2.0,12.0
Netherlands,2024,11,,,,,,83.25,0.0,55.5,2.0,9.75
Netherlands,2024,12,,,,,,91.4,28.8,45.0,2.0,9.2
Norway,2018,12,,,,,,38.0,0.0,0.0,1.0,0.0
Norway,2019,1,1.71,14000,2100,16100,,34.25,0.0,0.0,0.75,0.0
Norway,2019,2,1.71,14000,2100,16100,,38.25,0.0,0.0,1.0,0.0
Norway,2019,3,1.71,14000,2100,16100,,53.4,0.0,0.0,1.0,0.0
Norway,2019,4,1.8,14000,2100,16100,,43.75,0.0,0.0,1.0,0.0
Norway,2019,5,1.8,14000,2100,16100,,38.0,0.0,0.0,1.0,0.0
Norway,2019,6,1.8,14000,2100,16100,,42.0,0.0,20.0,1.0,0.0
Norway,2019,7,1.75,14000,2100,16100,,42.75,0.0,0.0,1.0,0.25
Norway,2019,8,1.75,14000,2100,16100,,36.0,0.0,0.0,1.0,0.0
Norway,2019,9,1.75,14000,2100,16100,,34.6,0.0,0.0,1.0,0.0
Norway,2019,10,1.65,14000,2100,16100,,32.5,0.0,0.0,1.0,0.0
Norway,2019,11,1.65,14000,2100,16100,,59.25,0.0,0.0,1.0,0.0
Norway,2019,12,1.65,14000,2100,16100,,44.17,0.0,0.0,1.33,0.17
Norway,2020,1,1.52,18000,2900,20900,,75.75,,,1.75,0.0
Norway,2020,2,1.52,18000,2900,20900,,78.75,,,2.0,0.0
Norway,2020,3,1.52,18000,2900,20900,,50.6,,,1.0,0.2
Norway,2020,4,1.4,18000,2900,20900,,49.25,,,0.75,0.0
Norway,2020,5,1.4,18000,2900,20900,,53.8,,,1.6,1.6
Norway,2020,6,1.4,18000,2900,20900,,63.75,,,1.25,1.75
Norway,2020,7,1.48,18000,2900,20900,,87.5,,,2.25,2.75
Norway,2020,8,1.48,18000,2900,20900,,68.8,,,1.8,2.8
Norway,2020,9,1.48,18000,2900,20900,,80.75,,,2.0,1.75
Norway,2020,10,1.5,18000,2900,20900,,75.0,,,2.0,1.75
Norway,2020,11,1.5,18000,2900,20900,,62.4,,,1.2,1.4
Norway,2020,12,1.5,18000,2900,20900,,74.4,0.0,0.0,2.0,1.8
Norway,2021,1,1.55,23000,3800,26800,,80.8,0.0,0.0,2.0,2.0
Norway,2021,2,1.55,23000,3800,26800,,73.5,0.0,0.0,2.0,2.75
Norway,2021,3,1.55,23000,3800,26800,,67.5,0.0,0.0,1.75,1.5
Norway,2021,4,1.65,23000,3800,26800,,67.75,0.0,0.0,2.0,1.75
Norway,2021,5,1.65,23000,3800,26800,,64.4,0.0,0.0,2.0,1.4
Norway,2021,6,1.65,23000,3800,26800,,70.5,0.0,0.0,2.0,2.75
Norway,2021,7,1.72,23000,3800,26800,,88.5,0.0,23.75,2.75,2.5
Norway,2021,8,1.72,23000,3800,26800,,89.6,0.0,0.0,2.2,5.6
Norway,2021,9,1.72,23000,3800,26800,,85.0,0.0,0.0,2.0,7.25
Norway,2021,10,1.88,23000,3800,26800,,83.0,0.0,20.0,2.0,6.0
Norway,2021,11,1.88,23000,3800,26800,,74.0,0.0,0.0,1.75,5.25
Norway,2021,12,1.88,23000,3800,26800,,76.0,0.0,0.0,1.6,3.6
Norway,2022,1,2.0,28000,4900,32900,40,78.0,0.0,0.0,1.8,5.0
Norway,2022,2,2.0,28000,4900,32900,40,67.75,0.0,0.0,1.75,5.25
Norway,2022,3,2.0,28000,4900,32900,40,82.5,0.0,0.0,2.25,5.5
Norway,2022,4,2.35,28000,4900,32900,296,79.25,0.0,36.75,2.5,5.25
Norway,2022,5,2.35,28000,4900,32900,296,75.8,18.6,0.0,2.0,4.8
Norway,2022,6,2.35,28000,4900,32900,296,84.25,0.0,0.0,2.25,5.25
Norway,2022,7,2.2,28000,4900,32900,473,89.6,0.0,20.0,2.6,6.2
Norway,2022,8,2.2,28000,4900,32900,473,71.5,0.0,24.75,2.25,6.0
Norway,2022,9,2.2,28000,4900,32900,473,63.75,0.0,0.0,1.75,5.5
Norway,2022,10,2.05,28000,4900,32900,700,65.4,0.0,0.0,1.8,7.8
Norway,2022,11,2.05,28000,4900,32900,700,64.5,0.0,17.0,1.5,6.75
Norway,2022,12,2.05,28000,4900,32900,700,85.0,0.0,0.0,1.75,5.75
Norway,2023,1,1.9,34000,6200,40200,1066,77.6,0.0,0.0,1.0,3.8
Norway,2023,2,1.9,34000,6200,40200,1066,60.25,0.0,0.0,1.0,3.5
Norway,2023,3,1.9,34000,6200,40200,1066,60.5,0.0,0.0,1.0,2.75
Norway,2023,4,1.95,34000,6200,40200,1933,56.0,0.0,0.0,1.0,3.0
Norway,2023,5,1.95,34000,6200,40200,1933,50.75,25.0,0.0,1.0,3.0
Norway,2023,6,1.95,34000,6200,40200,1933,54.5,0.0,0.0,1.25,2.75
Norway,2023,7,2.0,34000,6200,40200,2400,63.2,0.0,17.8,1.4,3.2
Norway,2023,8,2.0,34000,6200,40200,2400,49.25,21.0,17.5,1.0,3.25
Norway,2023,9,2.0,34000,6200,40200,2400,48.0,0.0,0.0,1.25,3.5
Norway,2023,10,1.88,34000,6200,40200,3133,49.4,0.0,0.0,1.0,4.0
Norway,2023,11,1.88,34000,6200,40200,3133,43.75,0.0,0.0,1.0,4.0
Norway,2023,12,1.88,34000,6200,40200,3133,54.0,0.0,0.0,1.5,5.33
Norway,2024,1,,,,,,82.5,0.0,0.0,1.75,8.0
Norway,2024,2,,,,,,80.0,0.0,0.0,2.0,8.0
Norway,2024,3,,,,,,74.8,18.8,0.0,1.8,7.0
Norway,2024,4,,,,,,78.5,0.0,0.0,2.0,10.5
Norway,2024,5,,,,,,78.75,0.0,0.0,1.75,9.25
Norway,2024,6,,,,,,87.4,0.0,0.0,2.2,8.8
Norway,2024,7,,,,,,94.0,0.0,0.0,2.0,8.0
Norway,2024,8,,,,,,76.25,0.0,0.0,2.0,6.75
Norway,2024,9,,,,,,78.8,0.0,0.0,2.0,7.0
Norway,2024,10,,,,,,89.0,0.0,0.0,1.75,7.75
Norway,2024,11,,,,,,84.75,0.0,0.0,1.5,10.75
Norway,2024,12,,,,,,86.4,0.0,20.0,1.2,10.6
USA,2018,12,,,,,,23.0,62.0,35.0,2.0,0.0
USA,2019,1,0.63,68000,16000,84000,,20.25,63.75,32.25,2.0,0.0
USA,2019,2,0.63,68000,16000,84000,,22.25,70.75,34.75,2.0,0.0
USA,2019,3,0.63,68000,16000,84000,,27.8,72.8,38.8,2.0,0.0
USA,2019,4,0.72,68000,16000,84000,,26.0,79.0,43.25,2.0,0.0
USA,2019,5,0.72,68000,16000,84000,,26.75,73.75,41.25,2.0,0.0
USA,2019,6,0.72,68000,16000,84000,,26.8,74.0,43.2,2.0,0.0
USA,2019,7,0.68,68000,16000,84000,,25.25,66.25,45.5,2.0,0.0
USA,2019,8,0.68,68000,16000,84000,,23.25,68.75,41.75,2.0,0.0
USA,2019,9,0.68,68000,16000,84000,,23.6,77.0,41.2,2.0,0.0
USA,2019,10,0.63,68000,16000,84000,,26.0,74.0,43.0,2.0,0.0
USA,2019,11,0.63,68000,16000,84000,,59.75,79.0,43.5,2.5,0.0
USA,2019,12,0.63,68000,16000,84000,,33.5,71.83,42.83,2.17,0.0
USA,2020,1,0.58,80000,20000,100000,15028,49.0,74.5,43.0,3.25,0.0
USA,2020,2,0.58,80000,20000,100000,15028,63.5,83.75,42.0,3.25,0.0
USA,2020,3,0.58,80000,20000,100000,15028,43.8,53.6,22.4,2.2,0.0
USA,2020,4,0.47,80000,20000,100000,15028,34.5,48.75,18.25,2.0,0.0
USA,2020,5,0.47,80000,20000,100000,15028,41.0,53.2,22.0,2.2,0.0
USA,2020,6,0.47,80000,20000,100000,15028,50.75,68.5,34.5,3.0,0.0
USA,2020,7,0.56,80000,20000,100000,15028,65.25,81.75,40.0,3.0,0.75
USA,2020,8,0.56,80000,20000,100000,15028,70.6,74.6,35.6,3.0,0.0
USA,2020,9,0.56,80000,20000,100000,15028,71.5,83.25,40.0,3.5,0.0
USA,2020,10,0.56,80000,20000,100000,15028,55.25,78.75,43.5,3.5,0.0
USA,2020,11,0.56,80000,20000,100000,15028,52.4,87.6,45.2,3.6,0.8
USA,2020,12,0.56,80000,20000,100000,15028,64.6,72.0,41.2,4.0,0.0
USA,2021,1,0.64,100000,26000,126000,60112,86.4,62.0,30.4,5.4,1.0
USA,2021,2,0.64,100000,26000,126000,60112,79.0,66.0,37.25,6.0,1.0
USA,2021,3,0.64,100000,26000,126000,60112,75.5,59.0,36.75,5.75,0.25
USA,2021,4,0.79,100000,26000,126000,67083,73.5,66.5,41.0,6.5,0.25
USA,2021,5,0.79,100000,26000,126000,67083,72.8,73.0,47.4,7.6,0.0
USA,2021,6,0.79,100000,26000,126000,67083,67.5,63.0,49.0,7.5,0.0
USA,2021,7,0.86,100000,26000,126000,80433,63.25,59.25,45.75,6.75,0.0
USA,2021,8,0.86,100000,26000,126000,80433,63.0,60.4,44.4,5.8,0.4
USA,2021,9,0.86,100000,26000,126000,80433,60.25,64.5,39.25,6.25,0.25
USA,2021,10,0.92,100000,26000,126000,102866,76.8,70.4,47.2,7.0,0.2
USA,2021,11,0.92,100000,26000,126000,102866,77.25,86.25,60.25,8.75,0.25
USA,2021,12,0.92,100000,26000,126000,102866,73.0,63.2,40.4,7.0,0.0
USA,2022,1,1.01,128000,32000,160000,99340,70.6,42.8,28.0,6.6,0.8
USA,2022,2,1.01,128000,32000,160000,99340,69.75,57.25,38.75,9.25,0.0
USA,2022,3,1.01,128000,32000,160000,99340,91.75,82.25,52.5,14.75,0.0
USA,2022,4,1.3,128000,32000,160000,84898,84.5,62.25,42.5,10.5,0.0
USA,2022,5,1.3,128000,32000,160000,84898,79.0,56.0,39.6,9.8,0.2
USA,2022,6,1.3,128000,32000,160000,84898,80.75,65.25,52.25,11.75,0.75
USA,2022,7,1.2,128000,32000,160000,114610,69.4,57.6,48.4,9.8,1.4
USA,2022,8,1.2,128000,32000,160000,114610,71.25,69.75,48.0,10.25,0.75
USA,2022,9,1.2,128000,32000,160000,114610,62.75,53.75,44.5,8.75,0.25
USA,2022,10,1.06,128000,32000,160000,135092,61.2,50.4,39.6,7.6,0.4
USA,2022,11,1.06,128000,32000,160000,135092,60.25,45.25,37.25,6.75,0.0
USA,2022,12,1.06,128000,32000,160000,135092,74.25,46.25,40.75,7.0,0.25
USA,2023,1,0.95,159000,42000,201000,140958,95.8,78.0,65.4,7.8,1.0
USA,2023,2,0.95,159000,42000,201000,140958,89.5,79.25,71.0,7.75,1.25
USA,2023,3,0.95,159000,42000,201000,140958,78.5,76.25,70.0,7.25,0.75
USA,2023,4,1.0,159000,42000,201000,155380,81.0,80.6,75.4,8.0,1.0
USA,2023,5,1.0,159000,42000,201000,155380,77.25,66.25,75.25,7.5,1.0
USA,2023,6,1.0,159000,42000,201000,155380,88.5,69.25,87.0,7.25,1.0
USA,2023,7,1.07,159000,42000,201000,166666,88.4,70.4,92.4,7.6,1.0
USA,2023,8,1.07,159000,42000,201000,166666,80.75,73.5,90.0,7.0,0.75
USA,2023,9,1.07,159000,42000,201000,166666,79.25,79.0,87.25,7.25,1.0
USA,2023,10,0.95,159000,42000,201000,161502,76.8,76.0,85.4,7.0,1.0
USA,2023,11,0.95,159000,42000,201000,161502,73.75,71.5,81.0,7.0,1.0
USA,2023,12,0.95,159000,42000,201000,161502,77.17,68.67,77.0,6.83,2.17
USA,2024,1,,,,,,66.5,49.0,56.0,5.25,1.75
USA,2024,2,,,,,,64.25,55.0,51.75,5.25,1.5
USA,2024,3,,,,,,73.4,56.0,58.2,5.4,1.4
USA,2024,4,,,,,,85.0,54.25,58.75,6.0,1.25
USA,2024,5,,,,,,82.0,48.5,61.75,6.0,1.5
USA,2024,6,,,,,,77.6,45.8,72.2,5.6,1.0
USA,2024,7,,,,,,76.5,48.75,75.75,5.25,1.0
USA,2024,8,,,,,,69.25,44.5,71.5,5.25,1.0
USA,2024,9,,,,,,62.6,44.8,64.4,5.2,1.0
USA,2024,10,,,,,,80.25,45.75,61.0,5.0,1.0
USA,2024,11,,,,,,81.0,46.75,63.5,5.25,1.0
USA,2024,12,,,,,,86.4,43.8,66.2,5.4,1.0
United Kingdom,2018,12,,,,,,25.0,42.0,35.0,9.0,0.0
United Kingdom,2019,1,1.34,18000,3200,21200,6269,24.25,68.75,42.5,11.0,0.5
United Kingdom,2019,2,1.34,18000,3200,21200,6269,29.25,68.25,43.5,12.0,0.25
United Kingdom,2019,3,1.34,18000,3200,21200,6269,33.6,73.0,49.2,11.4,0.6
United Kingdom,2019,4,1.4,18000,3200,21200,6269,33.75,71.75,46.25,12.75,0.0
United Kingdom,2019,5,1.4,18000,3200,21200,6269,33.75,64.75,48.75,12.5,0.25
United Kingdom,2019,6,1.4,18000,3200,21200,6269,38.4,84.0,58.2,14.4,0.0
United Kingdom,2019,7,1.38,18000,3200,21200,6269,36.75,81.0,61.0,16.25,0.0
United Kingdom,2019,8,1.38,18000,3200,21200,6269,34.5,74.75,59.25,13.75,0.25
United Kingdom,2019,9,1.38,18000,3200,21200,6269,38.4,78.4,65.2,13.8,0.4
United Kingdom,2019,10,1.32,18000,3200,21200,6269,37.25,85.0,70.25,16.25,0.0
United Kingdom,2019,11,1.32,18000,3200,21200,6269,68.25,86.5,70.5,14.5,0.0
United Kingdom,2019,12,1.32,18000,3200,21200,6269,45.17,71.17,59.0,15.5,0.0
United Kingdom,2020,1,1.22,22000,4100,26100,14590,58.0,74.25,68.0,18.0,0.0
United Kingdom,2020,2,1.22,22000,4100,26100,14590,63.75,87.5,73.5,21.25,0.0
United Kingdom,2020,3,1.22,22000,4100,26100,14590,41.8,57.0,43.8,11.6,0.0
United Kingdom,2020,4,1.1,22000,4100,26100,14590,36.5,36.75,19.75,8.75,0.0
United Kingdom,2020,5,1.1,22000,4100,26100,14590,40.0,49.6,31.4,11.6,0.0
United Kingdom,2020,6,1.1,22000,4100,26100,14590,47.25,59.75,44.25,15.0,0.0
United Kingdom,2020,7,1.18,22000,4100,26100,14590,64.5,65.25,61.75,15.75,0.25
United Kingdom,2020,8,1.18,22000,4100,26100,14590,67.0,61.4,61.2,17.6,0.0
United Kingdom,2020,9,1.18,22000,4100,26100,14590,78.75,68.5,73.25,17.0,0.25
United Kingdom,2020,10,1.2,22000,4100,26100,14590,55.5,67.25,65.5,16.25,0.0
United Kingdom,2020,11,1.2,22000,4100,26100,14590,53.6,80.8,70.4,19.6,1.0
United Kingdom,2020,12,1.2,22000,4100,26100,14590,61.6,52.8,56.0,18.0,0.0
United Kingdom,2021,1,1.25,28000,5400,33400,25422,83.0,43.4,35.0,18.6,1.0
United Kingdom,2021,2,1.25,28000,5400,33400,25422,81.5,49.5,46.0,21.25,1.0
United Kingdom,2021,3,1.25,28000,5400,33400,25422,76.0,45.0,47.25,21.0,0.75
United Kingdom,2021,4,1.36,28000,5400,33400,25422,70.0,47.5,54.75,22.75,1.0
United Kingdom,2021,5,1.36,28000,5400,33400,25422,66.4,48.0,64.2,23.4,0.8
United Kingdom,2021,6,1.36,28000,5400,33400,25422,59.5,48.75,68.25,23.75,1.0
United Kingdom,2021,7,1.42,28000,5400,33400,25422,55.25,46.75,70.25,25.75,0.5
United Kingdom,2021,8,1.42,28000,5400,33400,25422,58.6,47.2,78.6,27.2,0.6
United Kingdom,2021,9,1.42,28000,5400,33400,25422,57.25,55.25,86.75,33.25,0.25
United Kingdom,2021,10,1.55,28000,5400,33400,25422,76.8,61.8,91.4,37.4,1.0
United Kingdom,2021,11,1.55,28000,5400,33400,25422,76.25,63.75,91.75,30.5,1.0
United Kingdom,2021,12,1.55,28000,5400,33400,25422,66.8,44.4,75.6,25.2,0.8
United Kingdom,2022,1,1.68,37000,7800,44800,30960,80.4,49.4,79.2,32.2,1.0
United Kingdom,2022,2,1.68,37000,7800,44800,30960,71.0,53.5,81.75,31.25,1.0
United Kingdom,2022,3,1.68,37000,7800,44800,30960,86.25,60.75,97.5,46.25,1.0
United Kingdom,2022,4,2.0,37000,7800,44800,30960,86.25,51.25,83.5,38.75,1.0
United Kingdom,2022,5,2.0,37000,7800,44800,30960,78.4,46.2,75.0,30.6,1.0
United Kingdom,2022,6,2.0,37000,7800,44800,30960,72.5,53.0,92.5,45.0,1.0
United Kingdom,2022,7,1.95,37000,7800,44800,30960,65.8,45.2,91.0,33.2,1.4
United Kingdom,2022,8,1.95,37000,7800,44800,30960,67.5,45.5,86.5,30.25,1.0
United Kingdom,2022,9,1.95,37000,7800,44800,30960,61.25,43.5,78.75,27.75,1.0
United Kingdom,2022,10,1.82,37000,7800,44800,30960,62.4,43.8,82.4,25.6,1.0
United Kingdom,2022,11,1.82,37000,7800,44800,30960,60.75,48.5,77.5,25.25,1.25
United Kingdom,2022,12,1.82,37000,7800,44800,30960,77.25,37.0,83.75,24.25,1.0
United Kingdom,2023,1,1.72,50000,11000,61000,40000,96.8,39.8,77.0,30.2,1.8
United Kingdom,2023,2,1.72,50000,11000,61000,40000,82.75,39.5,74.25,28.25,2.0
United Kingdom,2023,3,1.72,50000,11000,61000,40000,80.0,40.75,85.5,27.25,2.75
United Kingdom,2023,4,1.75,50000,11000,61000,40000,75.6,37.2,84.0,27.8,3.4
United Kingdom,2023,5,1.75,50000,11000,61000,40000,73.75,39.25,80.75,27.0,2.5
United Kingdom,2023,6,1.75,50000,11000,61000,40000,77.5,36.75,82.0,28.0,2.5
United Kingdom,2023,7,1.8,50000,11000,61000,40000,80.4,39.4,91.6,30.4,2.6
United Kingdom,2023,8,1.8,50000,11000,61000,40000,71.25,36.0,86.75,28.25,3.25
United Kingdom,2023,9,1.8,50000,11000,61000,40000,73.0,44.0,95.0,30.0,6.5
United Kingdom,2023,10,1.68,50000,11000,61000,40000,68.8,45.4,91.0,30.2,4.6
United Kingdom,2023,11,1.68,50000,11000,61000,40000,70.75,40.5,86.5,26.5,4.5
United Kingdom,2023,12,1.68,50000,11000,61000,40000,71.0,37.67,81.0,26.33,17.33
United Kingdom,2024,1,,,,,,67.25,36.25,88.0,25.25,11.5
United Kingdom,2024,2,,,,,,66.75,38.5,89.75,27.0,10.25
United Kingdom,2024,3,,,,,,67.4,40.0,89.8,26.4,8.4
United Kingdom,2024,4,,,,,,77.25,38.75,79.5,24.75,8.25
United Kingdom,2024,5,,,,,,62.5,36.5,77.75,23.75,8.5
United Kingdom,2024,6,,,,,,68.2,37.8,78.8,23.2,14.0
United Kingdom,2024,7,,,,,,68.75,37.5,85.5,25.25,10.25
United Kingdom,2024,8,,,,,,62.75,37.5,93.75,25.0,8.0
United Kingdom,2024,9,,,,,,66.8,41.8,93.4,27.4,11.2
United Kingdom,2024,10,,,,,,85.75,52.75,90.5,27.5,15.75
United Kingdom,2024,11,,,,,,90.0,44.0,92.0,28.0,13.75
United Kingdom,2024,12,,,,,,89.0,34.6,86.8,26.8,13.2
